text,category
Postal delivery delays have been reported across the coastal region for several consecutive weeks.,Public Services
Emergency response coordination in the western district improved after the deployment of a new communications network.,Security
A prolonged drought in the eastern governorate has strained agricultural output and local water reserves.,Environment
Public-private partnerships in the capital district are being explored to stimulate industrial growth.,Economy
Transparency reviews found inconsistent record-keeping practices among several departments in the border province.,Corruption & Compliance
Groundwater contamination near industrial sites in the northern province threatens local agricultural production.,Environment
Public demonstrations in the industrial zone required additional crowd-control measures from local authorities.,Security
Transparency reviews found inconsistent record-keeping practices among several departments in the rural district.,Corruption & Compliance
The local chamber of commerce in the capital district is requesting tax incentives to attract foreign investment.,Economy
A satisfaction survey revealed declining trust in local administrative services within the eastern governorate.,Public Services
Public-private partnerships in the southern region are being explored to stimulate industrial growth.,Economy
Transparency reviews found inconsistent record-keeping practices among several departments in the western district.,Corruption & Compliance
The one-stop government service center in the industrial zone exceeded its target for same-day processing.,Public Services
Border patrol units in the border province intercepted an attempt at illegal smuggling of goods.,Security
"Water supply pipelines in the western district have deteriorated, causing frequent leaks and pressure loss across residential blocks.",Infrastructure
Utility billing errors have affected numerous households across the northern province this billing cycle.,Public Services
The emergency room in the border province's central hospital is operating beyond capacity during peak hours.,Public Health
Emergency response coordination in the industrial zone improved after the deployment of a new communications network.,Security
Cybersecurity incidents targeting municipal systems in the capital district have prompted a full infrastructure audit.,Security
"A rise in respiratory illness cases has been recorded in the southern region, prompting concern from local clinics.",Public Health
Security checkpoints in the industrial zone were reinforced following a credible threat assessment.,Security
The airport terminal expansion project in the industrial zone is behind schedule due to material supply delays.,Infrastructure
Whistleblower reports allege misuse of public funds within a development project in the southern region.,Corruption & Compliance
A new investment fund was launched to support entrepreneurship and startups in the northern province.,Economy
"Several public schools in the capital district lack sufficient classrooms, forcing double shifts for students.",Education
"Several public schools in the northern province lack sufficient classrooms, forcing double shifts for students.",Education
"Real estate prices in the rural district have surged, raising affordability concerns among residents.",Economy
A new digital literacy initiative was launched in schools across the northern province to close the technology gap.,Education
A new digital literacy initiative was launched in schools across the rural district to close the technology gap.,Education
Emergency response coordination in the central metropolitan area improved after the deployment of a new communications network.,Security
An aging power grid in the western district is causing recurring outages that affect hospitals and schools.,Infrastructure
Postal delivery delays have been reported across the western district for several consecutive weeks.,Public Services
Postal delivery delays have been reported across the capital district for several consecutive weeks.,Public Services
The Ministry of Education is reviewing curriculum standards after low test scores were reported in the rural district.,Education
Renewable energy adoption in the western district is increasing following new solar subsidy programs.,Environment
Whistleblower reports allege misuse of public funds within a development project in the coastal region.,Corruption & Compliance
Illegal deforestation activity was reported in the forested areas surrounding the capital district.,Environment
A new digital literacy initiative was launched in schools across the central metropolitan area to close the technology gap.,Education
An investigation was opened after bribery allegations surfaced involving a licensing office in the northern province.,Corruption & Compliance
Financial oversight committees identified unauthorized payments linked to a vendor in the rural district.,Corruption & Compliance
The Ministry of Education is reviewing curriculum standards after low test scores were reported in the northern province.,Education
Export activity from the western district's agricultural sector declined due to new trade regulations.,Economy
Public-private partnerships in the rural district are being explored to stimulate industrial growth.,Economy
Postal delivery delays have been reported across the northern province for several consecutive weeks.,Public Services
Community leaders in the rural district have requested additional security cameras following recent break-ins.,Security
A scholarship program targeting underserved communities in the capital district exceeded its enrollment targets this year.,Education
A rise in petty theft incidents has been recorded across the coastal region over the past month.,Security
Nutrition assistance programs in the northern province report increased demand from low-income families this quarter.,Public Health
Small businesses in the northern province report declining revenue due to rising operational costs.,Economy
Local police in the central metropolitan area report increased response times due to a shortage of patrol vehicles.,Security
Public buildings in the industrial zone require renovation after inspectors found violations of modern safety codes.,Infrastructure
Teacher shortages in the coastal region have led to increased class sizes and reduced instructional quality.,Education
Financial oversight committees identified unauthorized payments linked to a vendor in the western district.,Corruption & Compliance
"Reports of domestic disturbances in the eastern governorate have increased, prompting a review of support services.",Security
Postal delivery delays have been reported across the central metropolitan area for several consecutive weeks.,Public Services
Security checkpoints in the northern province were reinforced following a credible threat assessment.,Security
A conflict-of-interest complaint was filed against an official overseeing contracts in the central metropolitan area.,Corruption & Compliance
Municipal offices in the capital district are piloting an appointment system to reduce service backlogs.,Public Services
A rise in petty theft incidents has been recorded across the northern province over the past month.,Security
Public health officials launched a vaccination campaign in the capital district after low immunization coverage was detected.,Public Health
Groundwater contamination near industrial sites in the industrial zone threatens local agricultural production.,Environment
Construction of the new public transit line in the central metropolitan area is delayed due to funding shortages and contractor disputes.,Infrastructure
An internal audit uncovered irregularities in procurement contracts issued by the the coastal region municipal office.,Corruption & Compliance
A new health awareness program was introduced in the southern region to reduce chronic disease rates among adults.,Public Health
The emergency room in the coastal region's central hospital is operating beyond capacity during peak hours.,Public Health
A new health awareness program was introduced in the capital district to reduce chronic disease rates among adults.,Public Health
"Sewage infrastructure in the coastal region is overwhelmed, leading to overflow incidents near residential areas.",Infrastructure
"A major road collapse was reported in the rural district, blocking traffic for over three hours and damaging nearby utility lines.",Infrastructure
Public demonstrations in the border province required additional crowd-control measures from local authorities.,Security
"The drainage system in the capital district failed during the recent storm, resulting in flooding of several main streets.",Infrastructure
A microfinance initiative in the eastern governorate has helped hundreds of small merchants access working capital.,Economy
Public buildings in the western district require renovation after inspectors found violations of modern safety codes.,Infrastructure
Anti-corruption authorities are examining a land allocation scheme reported in the central metropolitan area.,Corruption & Compliance
The bridge connecting the eastern governorate to the main highway shows severe structural cracks and requires urgent inspection.,Infrastructure
Postal delivery delays have been reported across the industrial zone for several consecutive weeks.,Public Services
The emergency room in the western district's central hospital is operating beyond capacity during peak hours.,Public Health
Residents of the rural district have raised concerns about inconsistent garbage collection schedules.,Public Services
Groundwater contamination near industrial sites in the rural district threatens local agricultural production.,Environment
Small businesses in the coastal region report declining revenue due to rising operational costs.,Economy
The local chamber of commerce in the northern province is requesting tax incentives to attract foreign investment.,Economy
Access to higher education remains limited for students in the border province due to a lack of nearby universities.,Education
Vocational training centers in the southern region report strong enrollment growth among young adults seeking new skills.,Education
Public demonstrations in the rural district required additional crowd-control measures from local authorities.,Security
A prolonged drought in the southern region has strained agricultural output and local water reserves.,Environment
Community leaders in the capital district have requested additional security cameras following recent break-ins.,Security
Compliance officers flagged discrepancies between reported and actual expenditures in the industrial zone's annual budget.,Corruption & Compliance
A new digital literacy initiative was launched in schools across the coastal region to close the technology gap.,Education
The one-stop government service center in the coastal region exceeded its target for same-day processing.,Public Services
"Inflation has affected purchasing power for households in the western district, according to a recent economic survey.",Economy
Public demonstrations in the central metropolitan area required additional crowd-control measures from local authorities.,Security
Citizens in the eastern governorate report long wait times when applying for identification documents.,Public Services
Air quality monitors in the border province recorded pollution levels exceeding national safety standards.,Environment
Teacher shortages in the eastern governorate have led to increased class sizes and reduced instructional quality.,Education
Transparency reviews found inconsistent record-keeping practices among several departments in the capital district.,Corruption & Compliance
A tip line received multiple reports of favoritism in hiring practices within the rural district's local government.,Corruption & Compliance
"Dropout rates among secondary students in the border province have increased, correlating with rising transportation costs.",Education
"A major road collapse was reported in the industrial zone, blocking traffic for over three hours and damaging nearby utility lines.",Infrastructure
Public demonstrations in the western district required additional crowd-control measures from local authorities.,Security
"Water supply pipelines in the industrial zone have deteriorated, causing frequent leaks and pressure loss across residential blocks.",Infrastructure
"Public transportation reliability in the border province has declined, frustrating daily commuters.",Public Services
Transparency reviews found inconsistent record-keeping practices among several departments in the central metropolitan area.,Corruption & Compliance
Security checkpoints in the border province were reinforced following a credible threat assessment.,Security
Public-private partnerships in the western district are being explored to stimulate industrial growth.,Economy
A coastal cleanup initiative in the eastern governorate removed several tons of plastic waste from public beaches.,Environment
Community leaders in the southern region have requested additional security cameras following recent break-ins.,Security
The bridge connecting the capital district to the main highway shows severe structural cracks and requires urgent inspection.,Infrastructure
Industrial emissions from factories in the border province are under review following resident complaints.,Environment
"Reports of domestic disturbances in the southern region have increased, prompting a review of support services.",Security
A new investment fund was launched to support entrepreneurship and startups in the coastal region.,Economy
Vocational training centers in the western district report strong enrollment growth among young adults seeking new skills.,Education
An internal audit uncovered irregularities in procurement contracts issued by the the southern region municipal office.,Corruption & Compliance
The emergency room in the eastern governorate's central hospital is operating beyond capacity during peak hours.,Public Health
Small businesses in the western district report declining revenue due to rising operational costs.,Economy
An investigation was opened after bribery allegations surfaced involving a licensing office in the border province.,Corruption & Compliance
A conflict-of-interest complaint was filed against an official overseeing contracts in the eastern governorate.,Corruption & Compliance
Vocational training centers in the coastal region report strong enrollment growth among young adults seeking new skills.,Education
Compliance officers flagged discrepancies between reported and actual expenditures in the central metropolitan area's annual budget.,Corruption & Compliance
"The drainage system in the industrial zone failed during the recent storm, resulting in flooding of several main streets.",Infrastructure
Industrial emissions from factories in the eastern governorate are under review following resident complaints.,Environment
Labor market analysis shows a skills mismatch between graduates and available jobs in the border province.,Economy
A satisfaction survey revealed declining trust in local administrative services within the coastal region.,Public Services
Construction of the new public transit line in the eastern governorate is delayed due to funding shortages and contractor disputes.,Infrastructure
"Inflation has affected purchasing power for households in the border province, according to a recent economic survey.",Economy
"Water supply pipelines in the eastern governorate have deteriorated, causing frequent leaks and pressure loss across residential blocks.",Infrastructure
A coastal cleanup initiative in the coastal region removed several tons of plastic waste from public beaches.,Environment
The main hospital in the capital district is reporting a shortage of essential medicines and vaccine supplies.,Public Health
The bridge connecting the border province to the main highway shows severe structural cracks and requires urgent inspection.,Infrastructure
Nutrition assistance programs in the industrial zone report increased demand from low-income families this quarter.,Public Health
A tip line received multiple reports of favoritism in hiring practices within the border province's local government.,Corruption & Compliance
An internal audit uncovered irregularities in procurement contracts issued by the the border province municipal office.,Corruption & Compliance
"Real estate prices in the northern province have surged, raising affordability concerns among residents.",Economy
Recycling program participation in the capital district has improved after a public awareness campaign.,Environment
A prolonged drought in the border province has strained agricultural output and local water reserves.,Environment
"Mental health support services remain limited in the coastal region, according to a recent community health survey.",Public Health
"Streetlights across the coastal region have been non-functional for weeks, raising concerns about road safety at night.",Infrastructure
A new digital portal was launched to simplify public service requests for residents of the central metropolitan area.,Public Services
Vocational training centers in the eastern governorate report strong enrollment growth among young adults seeking new skills.,Education
"Maternal healthcare services in the industrial zone are understaffed, leading to longer waiting times for patients.",Public Health
Industrial emissions from factories in the coastal region are under review following resident complaints.,Environment
A new digital portal was launched to simplify public service requests for residents of the western district.,Public Services
Waste management services in the capital district are struggling to keep pace with rising urban population density.,Environment
Citizens in the northern province report long wait times when applying for identification documents.,Public Services
"Inflation has affected purchasing power for households in the northern province, according to a recent economic survey.",Economy
"Real estate prices in the capital district have surged, raising affordability concerns among residents.",Economy
Local police in the northern province report increased response times due to a shortage of patrol vehicles.,Security
Unemployment figures in the western district have increased following the closure of a major manufacturing plant.,Economy
An outbreak of waterborne disease was confirmed in the border province following contamination of the local water source.,Public Health
Air quality monitors in the western district recorded pollution levels exceeding national safety standards.,Environment
A joint task force was formed to address organized crime activity reported in the rural district.,Security
A new digital portal was launched to simplify public service requests for residents of the southern region.,Public Services
Unemployment figures in the border province have increased following the closure of a major manufacturing plant.,Economy
Industrial emissions from factories in the rural district are under review following resident complaints.,Environment
A coastal cleanup initiative in the capital district removed several tons of plastic waste from public beaches.,Environment
Illegal deforestation activity was reported in the forested areas surrounding the western district.,Environment
"Dropout rates among secondary students in the northern province have increased, correlating with rising transportation costs.",Education
"A major road collapse was reported in the southern region, blocking traffic for over three hours and damaging nearby utility lines.",Infrastructure
"Maternal healthcare services in the rural district are understaffed, leading to longer waiting times for patients.",Public Health
Wildlife conservation efforts in the northern province have been hampered by habitat loss and illegal poaching.,Environment
Access to higher education remains limited for students in the coastal region due to a lack of nearby universities.,Education
"Reports of domestic disturbances in the central metropolitan area have increased, prompting a review of support services.",Security
Groundwater contamination near industrial sites in the southern region threatens local agricultural production.,Environment
A new digital portal was launched to simplify public service requests for residents of the capital district.,Public Services
The main hospital in the rural district is reporting a shortage of essential medicines and vaccine supplies.,Public Health
Small businesses in the rural district report declining revenue due to rising operational costs.,Economy
The airport terminal expansion project in the western district is behind schedule due to material supply delays.,Infrastructure
Recycling program participation in the central metropolitan area has improved after a public awareness campaign.,Environment
Anti-corruption authorities are examining a land allocation scheme reported in the border province.,Corruption & Compliance
The bridge connecting the central metropolitan area to the main highway shows severe structural cracks and requires urgent inspection.,Infrastructure
Air quality monitors in the coastal region recorded pollution levels exceeding national safety standards.,Environment
Construction of the new public transit line in the rural district is delayed due to funding shortages and contractor disputes.,Infrastructure
A new digital literacy initiative was launched in schools across the border province to close the technology gap.,Education
A rise in petty theft incidents has been recorded across the central metropolitan area over the past month.,Security
"Reports of domestic disturbances in the northern province have increased, prompting a review of support services.",Security
Reading proficiency among primary students in the eastern governorate has declined according to the latest assessment.,Education
A coastal cleanup initiative in the border province removed several tons of plastic waste from public beaches.,Environment
An outbreak of waterborne disease was confirmed in the industrial zone following contamination of the local water source.,Public Health
Auditors recommended stronger internal controls after reviewing procurement files from the southern region.,Corruption & Compliance
The airport terminal expansion project in the southern region is behind schedule due to material supply delays.,Infrastructure
A prolonged drought in the industrial zone has strained agricultural output and local water reserves.,Environment
Financial oversight committees identified unauthorized payments linked to a vendor in the industrial zone.,Corruption & Compliance
"The customer service center in the coastal region is understaffed, leading to delays in permit processing.",Public Services
"Public transportation reliability in the rural district has declined, frustrating daily commuters.",Public Services
Anti-corruption authorities are examining a land allocation scheme reported in the western district.,Corruption & Compliance
A new health awareness program was introduced in the industrial zone to reduce chronic disease rates among adults.,Public Health
An internal audit uncovered irregularities in procurement contracts issued by the the central metropolitan area municipal office.,Corruption & Compliance
"Real estate prices in the eastern governorate have surged, raising affordability concerns among residents.",Economy
Health inspectors identified unsanitary conditions in several food markets across the western district.,Public Health
The local chamber of commerce in the coastal region is requesting tax incentives to attract foreign investment.,Economy
Citizens in the coastal region report long wait times when applying for identification documents.,Public Services
Anti-corruption authorities are examining a land allocation scheme reported in the northern province.,Corruption & Compliance
Labor market analysis shows a skills mismatch between graduates and available jobs in the central metropolitan area.,Economy
Security checkpoints in the eastern governorate were reinforced following a credible threat assessment.,Security
School infrastructure in the central metropolitan area requires urgent repair after inspectors found unsafe building conditions.,Education
Small businesses in the eastern governorate report declining revenue due to rising operational costs.,Economy
Nutrition assistance programs in the capital district report increased demand from low-income families this quarter.,Public Health
"Streetlights across the capital district have been non-functional for weeks, raising concerns about road safety at night.",Infrastructure
Border patrol units in the eastern governorate intercepted an attempt at illegal smuggling of goods.,Security
"Maternal healthcare services in the capital district are understaffed, leading to longer waiting times for patients.",Public Health
Emergency response coordination in the southern region improved after the deployment of a new communications network.,Security
Health inspectors identified unsanitary conditions in several food markets across the rural district.,Public Health
A new health awareness program was introduced in the western district to reduce chronic disease rates among adults.,Public Health
"Dropout rates among secondary students in the rural district have increased, correlating with rising transportation costs.",Education
A new investment fund was launched to support entrepreneurship and startups in the eastern governorate.,Economy
Nutrition assistance programs in the eastern governorate report increased demand from low-income families this quarter.,Public Health
Municipal offices in the central metropolitan area are piloting an appointment system to reduce service backlogs.,Public Services
Public health officials launched a vaccination campaign in the coastal region after low immunization coverage was detected.,Public Health
An internal audit uncovered irregularities in procurement contracts issued by the the rural district municipal office.,Corruption & Compliance
Local police in the southern region report increased response times due to a shortage of patrol vehicles.,Security
A joint task force was formed to address organized crime activity reported in the western district.,Security
A conflict-of-interest complaint was filed against an official overseeing contracts in the northern province.,Corruption & Compliance
The Ministry of Education is reviewing curriculum standards after low test scores were reported in the border province.,Education
A satisfaction survey revealed declining trust in local administrative services within the industrial zone.,Public Services
Whistleblower reports allege misuse of public funds within a development project in the border province.,Corruption & Compliance
Construction of the new public transit line in the northern province is delayed due to funding shortages and contractor disputes.,Infrastructure
Reading proficiency among primary students in the capital district has declined according to the latest assessment.,Education
Security checkpoints in the coastal region were reinforced following a credible threat assessment.,Security
Residents of the coastal region have raised concerns about inconsistent garbage collection schedules.,Public Services
The main hospital in the industrial zone is reporting a shortage of essential medicines and vaccine supplies.,Public Health
An outbreak of waterborne disease was confirmed in the coastal region following contamination of the local water source.,Public Health
An investigation was opened after bribery allegations surfaced involving a licensing office in the rural district.,Corruption & Compliance
Financial oversight committees identified unauthorized payments linked to a vendor in the southern region.,Corruption & Compliance
"Streetlights across the southern region have been non-functional for weeks, raising concerns about road safety at night.",Infrastructure
"The drainage system in the central metropolitan area failed during the recent storm, resulting in flooding of several main streets.",Infrastructure
An investigation was opened after bribery allegations surfaced involving a licensing office in the southern region.,Corruption & Compliance
Nutrition assistance programs in the rural district report increased demand from low-income families this quarter.,Public Health
A satisfaction survey revealed declining trust in local administrative services within the central metropolitan area.,Public Services
Local police in the coastal region report increased response times due to a shortage of patrol vehicles.,Security
Air quality monitors in the northern province recorded pollution levels exceeding national safety standards.,Environment
Nutrition assistance programs in the coastal region report increased demand from low-income families this quarter.,Public Health
Utility billing errors have affected numerous households across the eastern governorate this billing cycle.,Public Services
Security checkpoints in the southern region were reinforced following a credible threat assessment.,Security
Local police in the capital district report increased response times due to a shortage of patrol vehicles.,Security
Renewable energy adoption in the coastal region is increasing following new solar subsidy programs.,Environment
Transparency reviews found inconsistent record-keeping practices among several departments in the industrial zone.,Corruption & Compliance
School infrastructure in the northern province requires urgent repair after inspectors found unsafe building conditions.,Education
A prolonged drought in the central metropolitan area has strained agricultural output and local water reserves.,Environment
"Real estate prices in the southern region have surged, raising affordability concerns among residents.",Economy
Utility billing errors have affected numerous households across the southern region this billing cycle.,Public Services
Export activity from the eastern governorate's agricultural sector declined due to new trade regulations.,Economy
A microfinance initiative in the border province has helped hundreds of small merchants access working capital.,Economy
"Streetlights across the rural district have been non-functional for weeks, raising concerns about road safety at night.",Infrastructure
"Maternal healthcare services in the border province are understaffed, leading to longer waiting times for patients.",Public Health
The local chamber of commerce in the border province is requesting tax incentives to attract foreign investment.,Economy
Labor market analysis shows a skills mismatch between graduates and available jobs in the coastal region.,Economy
"A rise in respiratory illness cases has been recorded in the central metropolitan area, prompting concern from local clinics.",Public Health
"Inflation has affected purchasing power for households in the capital district, according to a recent economic survey.",Economy
Emergency response coordination in the border province improved after the deployment of a new communications network.,Security
Renewable energy adoption in the industrial zone is increasing following new solar subsidy programs.,Environment
A tip line received multiple reports of favoritism in hiring practices within the industrial zone's local government.,Corruption & Compliance
Border patrol units in the southern region intercepted an attempt at illegal smuggling of goods.,Security
Public demonstrations in the southern region required additional crowd-control measures from local authorities.,Security
"The customer service center in the central metropolitan area is understaffed, leading to delays in permit processing.",Public Services
"The customer service center in the capital district is understaffed, leading to delays in permit processing.",Public Services
Residents of the western district have raised concerns about inconsistent garbage collection schedules.,Public Services
Export activity from the rural district's agricultural sector declined due to new trade regulations.,Economy
"A rise in respiratory illness cases has been recorded in the northern province, prompting concern from local clinics.",Public Health
The main hospital in the southern region is reporting a shortage of essential medicines and vaccine supplies.,Public Health
The local chamber of commerce in the central metropolitan area is requesting tax incentives to attract foreign investment.,Economy
"Real estate prices in the industrial zone have surged, raising affordability concerns among residents.",Economy
Small businesses in the capital district report declining revenue due to rising operational costs.,Economy
The emergency room in the northern province's central hospital is operating beyond capacity during peak hours.,Public Health
"Inflation has affected purchasing power for households in the rural district, according to a recent economic survey.",Economy
"Streetlights across the eastern governorate have been non-functional for weeks, raising concerns about road safety at night.",Infrastructure
The airport terminal expansion project in the central metropolitan area is behind schedule due to material supply delays.,Infrastructure
Groundwater contamination near industrial sites in the eastern governorate threatens local agricultural production.,Environment
A rise in petty theft incidents has been recorded across the border province over the past month.,Security
Export activity from the border province's agricultural sector declined due to new trade regulations.,Economy
Vocational training centers in the industrial zone report strong enrollment growth among young adults seeking new skills.,Education
A coastal cleanup initiative in the western district removed several tons of plastic waste from public beaches.,Environment
A new digital portal was launched to simplify public service requests for residents of the border province.,Public Services
"Mental health support services remain limited in the western district, according to a recent community health survey.",Public Health
Reading proficiency among primary students in the western district has declined according to the latest assessment.,Education
A joint task force was formed to address organized crime activity reported in the southern region.,Security
A tip line received multiple reports of favoritism in hiring practices within the coastal region's local government.,Corruption & Compliance
Public health officials launched a vaccination campaign in the southern region after low immunization coverage was detected.,Public Health
Air quality monitors in the central metropolitan area recorded pollution levels exceeding national safety standards.,Environment
"Several public schools in the border province lack sufficient classrooms, forcing double shifts for students.",Education
Illegal deforestation activity was reported in the forested areas surrounding the industrial zone.,Environment
The one-stop government service center in the central metropolitan area exceeded its target for same-day processing.,Public Services
Illegal deforestation activity was reported in the forested areas surrounding the southern region.,Environment
Teacher shortages in the southern region have led to increased class sizes and reduced instructional quality.,Education
An investigation was opened after bribery allegations surfaced involving a licensing office in the coastal region.,Corruption & Compliance
Whistleblower reports allege misuse of public funds within a development project in the rural district.,Corruption & Compliance
Public health officials launched a vaccination campaign in the northern province after low immunization coverage was detected.,Public Health
"Real estate prices in the border province have surged, raising affordability concerns among residents.",Economy
Citizens in the central metropolitan area report long wait times when applying for identification documents.,Public Services
"Several public schools in the rural district lack sufficient classrooms, forcing double shifts for students.",Education
Illegal deforestation activity was reported in the forested areas surrounding the central metropolitan area.,Environment
Export activity from the central metropolitan area's agricultural sector declined due to new trade regulations.,Economy
A new investment fund was launched to support entrepreneurship and startups in the western district.,Economy
An aging power grid in the eastern governorate is causing recurring outages that affect hospitals and schools.,Infrastructure
Wildlife conservation efforts in the rural district have been hampered by habitat loss and illegal poaching.,Environment
Community leaders in the northern province have requested additional security cameras following recent break-ins.,Security
Community leaders in the border province have requested additional security cameras following recent break-ins.,Security
Emergency response coordination in the coastal region improved after the deployment of a new communications network.,Security
A joint task force was formed to address organized crime activity reported in the industrial zone.,Security
Groundwater contamination near industrial sites in the border province threatens local agricultural production.,Environment
Recycling program participation in the western district has improved after a public awareness campaign.,Environment
Vocational training centers in the central metropolitan area report strong enrollment growth among young adults seeking new skills.,Education
Compliance officers flagged discrepancies between reported and actual expenditures in the southern region's annual budget.,Corruption & Compliance
A rise in petty theft incidents has been recorded across the industrial zone over the past month.,Security
Security checkpoints in the central metropolitan area were reinforced following a credible threat assessment.,Security
An outbreak of waterborne disease was confirmed in the capital district following contamination of the local water source.,Public Health
"Sewage infrastructure in the border province is overwhelmed, leading to overflow incidents near residential areas.",Infrastructure
Reading proficiency among primary students in the southern region has declined according to the latest assessment.,Education
Nutrition assistance programs in the border province report increased demand from low-income families this quarter.,Public Health
Financial oversight committees identified unauthorized payments linked to a vendor in the eastern governorate.,Corruption & Compliance
Vocational training centers in the northern province report strong enrollment growth among young adults seeking new skills.,Education
The one-stop government service center in the capital district exceeded its target for same-day processing.,Public Services
A microfinance initiative in the central metropolitan area has helped hundreds of small merchants access working capital.,Economy
The emergency room in the central metropolitan area's central hospital is operating beyond capacity during peak hours.,Public Health
Illegal deforestation activity was reported in the forested areas surrounding the eastern governorate.,Environment
An investigation was opened after bribery allegations surfaced involving a licensing office in the western district.,Corruption & Compliance
A microfinance initiative in the northern province has helped hundreds of small merchants access working capital.,Economy
Waste management services in the rural district are struggling to keep pace with rising urban population density.,Environment
A tip line received multiple reports of favoritism in hiring practices within the southern region's local government.,Corruption & Compliance
Reading proficiency among primary students in the border province has declined according to the latest assessment.,Education
Public demonstrations in the capital district required additional crowd-control measures from local authorities.,Security
Air quality monitors in the eastern governorate recorded pollution levels exceeding national safety standards.,Environment
Unemployment figures in the rural district have increased following the closure of a major manufacturing plant.,Economy
The bridge connecting the western district to the main highway shows severe structural cracks and requires urgent inspection.,Infrastructure
The one-stop government service center in the southern region exceeded its target for same-day processing.,Public Services
Auditors recommended stronger internal controls after reviewing procurement files from the eastern governorate.,Corruption & Compliance
A microfinance initiative in the capital district has helped hundreds of small merchants access working capital.,Economy
Groundwater contamination near industrial sites in the capital district threatens local agricultural production.,Environment
Labor market analysis shows a skills mismatch between graduates and available jobs in the southern region.,Economy
Community leaders in the industrial zone have requested additional security cameras following recent break-ins.,Security
Export activity from the coastal region's agricultural sector declined due to new trade regulations.,Economy
A tip line received multiple reports of favoritism in hiring practices within the capital district's local government.,Corruption & Compliance
A coastal cleanup initiative in the southern region removed several tons of plastic waste from public beaches.,Environment
"Several public schools in the western district lack sufficient classrooms, forcing double shifts for students.",Education
"Sewage infrastructure in the industrial zone is overwhelmed, leading to overflow incidents near residential areas.",Infrastructure
Small businesses in the border province report declining revenue due to rising operational costs.,Economy
Compliance officers flagged discrepancies between reported and actual expenditures in the capital district's annual budget.,Corruption & Compliance
The main hospital in the central metropolitan area is reporting a shortage of essential medicines and vaccine supplies.,Public Health
An investigation was opened after bribery allegations surfaced involving a licensing office in the capital district.,Corruption & Compliance
The emergency room in the rural district's central hospital is operating beyond capacity during peak hours.,Public Health
Industrial emissions from factories in the western district are under review following resident complaints.,Environment
"A rise in respiratory illness cases has been recorded in the coastal region, prompting concern from local clinics.",Public Health
The main hospital in the eastern governorate is reporting a shortage of essential medicines and vaccine supplies.,Public Health
"Dropout rates among secondary students in the capital district have increased, correlating with rising transportation costs.",Education
Compliance officers flagged discrepancies between reported and actual expenditures in the northern province's annual budget.,Corruption & Compliance
Nutrition assistance programs in the southern region report increased demand from low-income families this quarter.,Public Health
Waste management services in the southern region are struggling to keep pace with rising urban population density.,Environment
A new digital portal was launched to simplify public service requests for residents of the industrial zone.,Public Services
An outbreak of waterborne disease was confirmed in the central metropolitan area following contamination of the local water source.,Public Health
A satisfaction survey revealed declining trust in local administrative services within the northern province.,Public Services
A microfinance initiative in the industrial zone has helped hundreds of small merchants access working capital.,Economy
Teacher shortages in the capital district have led to increased class sizes and reduced instructional quality.,Education
A conflict-of-interest complaint was filed against an official overseeing contracts in the border province.,Corruption & Compliance
"Sewage infrastructure in the northern province is overwhelmed, leading to overflow incidents near residential areas.",Infrastructure
The bridge connecting the coastal region to the main highway shows severe structural cracks and requires urgent inspection.,Infrastructure
Teacher shortages in the northern province have led to increased class sizes and reduced instructional quality.,Education
"Sewage infrastructure in the capital district is overwhelmed, leading to overflow incidents near residential areas.",Infrastructure
The airport terminal expansion project in the eastern governorate is behind schedule due to material supply delays.,Infrastructure
Health inspectors identified unsanitary conditions in several food markets across the northern province.,Public Health
Unemployment figures in the southern region have increased following the closure of a major manufacturing plant.,Economy
Waste management services in the central metropolitan area are struggling to keep pace with rising urban population density.,Environment
"Several public schools in the industrial zone lack sufficient classrooms, forcing double shifts for students.",Education
A scholarship program targeting underserved communities in the central metropolitan area exceeded its enrollment targets this year.,Education
A new health awareness program was introduced in the northern province to reduce chronic disease rates among adults.,Public Health
"The drainage system in the coastal region failed during the recent storm, resulting in flooding of several main streets.",Infrastructure
A new investment fund was launched to support entrepreneurship and startups in the border province.,Economy
"Public transportation reliability in the western district has declined, frustrating daily commuters.",Public Services
Cybersecurity incidents targeting municipal systems in the rural district have prompted a full infrastructure audit.,Security
Unemployment figures in the northern province have increased following the closure of a major manufacturing plant.,Economy
A new health awareness program was introduced in the eastern governorate to reduce chronic disease rates among adults.,Public Health
Utility billing errors have affected numerous households across the rural district this billing cycle.,Public Services
A new health awareness program was introduced in the central metropolitan area to reduce chronic disease rates among adults.,Public Health
Public health officials launched a vaccination campaign in the border province after low immunization coverage was detected.,Public Health
Industrial emissions from factories in the central metropolitan area are under review following resident complaints.,Environment
Industrial emissions from factories in the industrial zone are under review following resident complaints.,Environment
Municipal offices in the border province are piloting an appointment system to reduce service backlogs.,Public Services
Public buildings in the southern region require renovation after inspectors found violations of modern safety codes.,Infrastructure
"Public transportation reliability in the eastern governorate has declined, frustrating daily commuters.",Public Services
Labor market analysis shows a skills mismatch between graduates and available jobs in the western district.,Economy
Export activity from the capital district's agricultural sector declined due to new trade regulations.,Economy
The bridge connecting the industrial zone to the main highway shows severe structural cracks and requires urgent inspection.,Infrastructure
Access to higher education remains limited for students in the rural district due to a lack of nearby universities.,Education
Public buildings in the central metropolitan area require renovation after inspectors found violations of modern safety codes.,Infrastructure
Public demonstrations in the eastern governorate required additional crowd-control measures from local authorities.,Security
Construction of the new public transit line in the industrial zone is delayed due to funding shortages and contractor disputes.,Infrastructure
Auditors recommended stronger internal controls after reviewing procurement files from the industrial zone.,Corruption & Compliance
A new investment fund was launched to support entrepreneurship and startups in the industrial zone.,Economy
A scholarship program targeting underserved communities in the border province exceeded its enrollment targets this year.,Education
A coastal cleanup initiative in the industrial zone removed several tons of plastic waste from public beaches.,Environment
A joint task force was formed to address organized crime activity reported in the northern province.,Security
A scholarship program targeting underserved communities in the coastal region exceeded its enrollment targets this year.,Education
The Ministry of Education is reviewing curriculum standards after low test scores were reported in the central metropolitan area.,Education
"The customer service center in the rural district is understaffed, leading to delays in permit processing.",Public Services
The airport terminal expansion project in the coastal region is behind schedule due to material supply delays.,Infrastructure
An outbreak of waterborne disease was confirmed in the western district following contamination of the local water source.,Public Health
Community leaders in the central metropolitan area have requested additional security cameras following recent break-ins.,Security
An aging power grid in the central metropolitan area is causing recurring outages that affect hospitals and schools.,Infrastructure
Groundwater contamination near industrial sites in the coastal region threatens local agricultural production.,Environment
"A major road collapse was reported in the northern province, blocking traffic for over three hours and damaging nearby utility lines.",Infrastructure
"Water supply pipelines in the coastal region have deteriorated, causing frequent leaks and pressure loss across residential blocks.",Infrastructure
Anti-corruption authorities are examining a land allocation scheme reported in the rural district.,Corruption & Compliance
An internal audit uncovered irregularities in procurement contracts issued by the the capital district municipal office.,Corruption & Compliance
Small businesses in the central metropolitan area report declining revenue due to rising operational costs.,Economy
"Streetlights across the border province have been non-functional for weeks, raising concerns about road safety at night.",Infrastructure
"Water supply pipelines in the central metropolitan area have deteriorated, causing frequent leaks and pressure loss across residential blocks.",Infrastructure
An internal audit uncovered irregularities in procurement contracts issued by the the industrial zone municipal office.,Corruption & Compliance
Citizens in the border province report long wait times when applying for identification documents.,Public Services
School infrastructure in the industrial zone requires urgent repair after inspectors found unsafe building conditions.,Education
Waste management services in the border province are struggling to keep pace with rising urban population density.,Environment
Community leaders in the western district have requested additional security cameras following recent break-ins.,Security
Public demonstrations in the northern province required additional crowd-control measures from local authorities.,Security
A tip line received multiple reports of favoritism in hiring practices within the eastern governorate's local government.,Corruption & Compliance
Citizens in the rural district report long wait times when applying for identification documents.,Public Services
Municipal offices in the northern province are piloting an appointment system to reduce service backlogs.,Public Services
"A rise in respiratory illness cases has been recorded in the border province, prompting concern from local clinics.",Public Health
A rise in petty theft incidents has been recorded across the rural district over the past month.,Security
"Maternal healthcare services in the western district are understaffed, leading to longer waiting times for patients.",Public Health
An outbreak of waterborne disease was confirmed in the rural district following contamination of the local water source.,Public Health
Public buildings in the rural district require renovation after inspectors found violations of modern safety codes.,Infrastructure
A new investment fund was launched to support entrepreneurship and startups in the southern region.,Economy
"Reports of domestic disturbances in the capital district have increased, prompting a review of support services.",Security
"The drainage system in the western district failed during the recent storm, resulting in flooding of several main streets.",Infrastructure
An investigation was opened after bribery allegations surfaced involving a licensing office in the industrial zone.,Corruption & Compliance
Postal delivery delays have been reported across the rural district for several consecutive weeks.,Public Services
An aging power grid in the industrial zone is causing recurring outages that affect hospitals and schools.,Infrastructure
"The drainage system in the eastern governorate failed during the recent storm, resulting in flooding of several main streets.",Infrastructure
Border patrol units in the rural district intercepted an attempt at illegal smuggling of goods.,Security
Citizens in the industrial zone report long wait times when applying for identification documents.,Public Services
A scholarship program targeting underserved communities in the eastern governorate exceeded its enrollment targets this year.,Education
Unemployment figures in the industrial zone have increased following the closure of a major manufacturing plant.,Economy
Cybersecurity incidents targeting municipal systems in the northern province have prompted a full infrastructure audit.,Security
The local chamber of commerce in the western district is requesting tax incentives to attract foreign investment.,Economy
"Public transportation reliability in the industrial zone has declined, frustrating daily commuters.",Public Services
Border patrol units in the western district intercepted an attempt at illegal smuggling of goods.,Security
Unemployment figures in the eastern governorate have increased following the closure of a major manufacturing plant.,Economy
Local police in the eastern governorate report increased response times due to a shortage of patrol vehicles.,Security
Public health officials launched a vaccination campaign in the western district after low immunization coverage was detected.,Public Health
A joint task force was formed to address organized crime activity reported in the capital district.,Security
Access to higher education remains limited for students in the industrial zone due to a lack of nearby universities.,Education
A new investment fund was launched to support entrepreneurship and startups in the central metropolitan area.,Economy
Financial oversight committees identified unauthorized payments linked to a vendor in the capital district.,Corruption & Compliance
Compliance officers flagged discrepancies between reported and actual expenditures in the coastal region's annual budget.,Corruption & Compliance
"Maternal healthcare services in the southern region are understaffed, leading to longer waiting times for patients.",Public Health
A new health awareness program was introduced in the rural district to reduce chronic disease rates among adults.,Public Health
Health inspectors identified unsanitary conditions in several food markets across the southern region.,Public Health
Public-private partnerships in the eastern governorate are being explored to stimulate industrial growth.,Economy
The emergency room in the industrial zone's central hospital is operating beyond capacity during peak hours.,Public Health
Recycling program participation in the coastal region has improved after a public awareness campaign.,Environment
Transparency reviews found inconsistent record-keeping practices among several departments in the northern province.,Corruption & Compliance
School infrastructure in the rural district requires urgent repair after inspectors found unsafe building conditions.,Education
"A rise in respiratory illness cases has been recorded in the rural district, prompting concern from local clinics.",Public Health
Access to higher education remains limited for students in the southern region due to a lack of nearby universities.,Education
"Public transportation reliability in the northern province has declined, frustrating daily commuters.",Public Services
Groundwater contamination near industrial sites in the central metropolitan area threatens local agricultural production.,Environment
A scholarship program targeting underserved communities in the industrial zone exceeded its enrollment targets this year.,Education
Local police in the industrial zone report increased response times due to a shortage of patrol vehicles.,Security
The local chamber of commerce in the industrial zone is requesting tax incentives to attract foreign investment.,Economy
"A major road collapse was reported in the western district, blocking traffic for over three hours and damaging nearby utility lines.",Infrastructure
Construction of the new public transit line in the border province is delayed due to funding shortages and contractor disputes.,Infrastructure
"Reports of domestic disturbances in the western district have increased, prompting a review of support services.",Security
Labor market analysis shows a skills mismatch between graduates and available jobs in the northern province.,Economy
A prolonged drought in the rural district has strained agricultural output and local water reserves.,Environment
Public health officials launched a vaccination campaign in the eastern governorate after low immunization coverage was detected.,Public Health
Border patrol units in the capital district intercepted an attempt at illegal smuggling of goods.,Security
Cybersecurity incidents targeting municipal systems in the eastern governorate have prompted a full infrastructure audit.,Security
The one-stop government service center in the rural district exceeded its target for same-day processing.,Public Services
"Several public schools in the coastal region lack sufficient classrooms, forcing double shifts for students.",Education
Wildlife conservation efforts in the industrial zone have been hampered by habitat loss and illegal poaching.,Environment
Health inspectors identified unsanitary conditions in several food markets across the coastal region.,Public Health
Air quality monitors in the rural district recorded pollution levels exceeding national safety standards.,Environment
A joint task force was formed to address organized crime activity reported in the central metropolitan area.,Security
Cybersecurity incidents targeting municipal systems in the coastal region have prompted a full infrastructure audit.,Security
Municipal offices in the southern region are piloting an appointment system to reduce service backlogs.,Public Services
An outbreak of waterborne disease was confirmed in the eastern governorate following contamination of the local water source.,Public Health
Anti-corruption authorities are examining a land allocation scheme reported in the coastal region.,Corruption & Compliance
Vocational training centers in the border province report strong enrollment growth among young adults seeking new skills.,Education
A scholarship program targeting underserved communities in the rural district exceeded its enrollment targets this year.,Education
Reading proficiency among primary students in the industrial zone has declined according to the latest assessment.,Education
Border patrol units in the central metropolitan area intercepted an attempt at illegal smuggling of goods.,Security
"The customer service center in the border province is understaffed, leading to delays in permit processing.",Public Services
Public-private partnerships in the central metropolitan area are being explored to stimulate industrial growth.,Economy
Local police in the border province report increased response times due to a shortage of patrol vehicles.,Security
"Water supply pipelines in the capital district have deteriorated, causing frequent leaks and pressure loss across residential blocks.",Infrastructure
Recycling program participation in the eastern governorate has improved after a public awareness campaign.,Environment
A new digital portal was launched to simplify public service requests for residents of the rural district.,Public Services
Health inspectors identified unsanitary conditions in several food markets across the central metropolitan area.,Public Health
Reading proficiency among primary students in the northern province has declined according to the latest assessment.,Education
The local chamber of commerce in the southern region is requesting tax incentives to attract foreign investment.,Economy
"Real estate prices in the coastal region have surged, raising affordability concerns among residents.",Economy
An aging power grid in the northern province is causing recurring outages that affect hospitals and schools.,Infrastructure
"Several public schools in the central metropolitan area lack sufficient classrooms, forcing double shifts for students.",Education
Health inspectors identified unsanitary conditions in several food markets across the capital district.,Public Health
Wildlife conservation efforts in the capital district have been hampered by habitat loss and illegal poaching.,Environment
Cybersecurity incidents targeting municipal systems in the southern region have prompted a full infrastructure audit.,Security
Construction of the new public transit line in the western district is delayed due to funding shortages and contractor disputes.,Infrastructure
A rise in petty theft incidents has been recorded across the western district over the past month.,Security
Construction of the new public transit line in the southern region is delayed due to funding shortages and contractor disputes.,Infrastructure
Groundwater contamination near industrial sites in the western district threatens local agricultural production.,Environment
"Inflation has affected purchasing power for households in the southern region, according to a recent economic survey.",Economy
"Streetlights across the northern province have been non-functional for weeks, raising concerns about road safety at night.",Infrastructure
Vocational training centers in the capital district report strong enrollment growth among young adults seeking new skills.,Education
Public-private partnerships in the northern province are being explored to stimulate industrial growth.,Economy
Air quality monitors in the industrial zone recorded pollution levels exceeding national safety standards.,Environment
Compliance officers flagged discrepancies between reported and actual expenditures in the western district's annual budget.,Corruption & Compliance
Anti-corruption authorities are examining a land allocation scheme reported in the industrial zone.,Corruption & Compliance
"Inflation has affected purchasing power for households in the central metropolitan area, according to a recent economic survey.",Economy
"Public transportation reliability in the central metropolitan area has declined, frustrating daily commuters.",Public Services
A conflict-of-interest complaint was filed against an official overseeing contracts in the coastal region.,Corruption & Compliance
"Dropout rates among secondary students in the western district have increased, correlating with rising transportation costs.",Education
Reading proficiency among primary students in the rural district has declined according to the latest assessment.,Education
Utility billing errors have affected numerous households across the border province this billing cycle.,Public Services
"Water supply pipelines in the rural district have deteriorated, causing frequent leaks and pressure loss across residential blocks.",Infrastructure
"Mental health support services remain limited in the capital district, according to a recent community health survey.",Public Health
Recycling program participation in the southern region has improved after a public awareness campaign.,Environment
Waste management services in the eastern governorate are struggling to keep pace with rising urban population density.,Environment
A satisfaction survey revealed declining trust in local administrative services within the border province.,Public Services
The Ministry of Education is reviewing curriculum standards after low test scores were reported in the coastal region.,Education
A rise in petty theft incidents has been recorded across the eastern governorate over the past month.,Security
Renewable energy adoption in the border province is increasing following new solar subsidy programs.,Environment
Public health officials launched a vaccination campaign in the industrial zone after low immunization coverage was detected.,Public Health
Public-private partnerships in the industrial zone are being explored to stimulate industrial growth.,Economy
A satisfaction survey revealed declining trust in local administrative services within the capital district.,Public Services
Reading proficiency among primary students in the coastal region has declined according to the latest assessment.,Education
A microfinance initiative in the southern region has helped hundreds of small merchants access working capital.,Economy
Residents of the central metropolitan area have raised concerns about inconsistent garbage collection schedules.,Public Services
Security checkpoints in the rural district were reinforced following a credible threat assessment.,Security
"A major road collapse was reported in the coastal region, blocking traffic for over three hours and damaging nearby utility lines.",Infrastructure
Citizens in the western district report long wait times when applying for identification documents.,Public Services
"Mental health support services remain limited in the industrial zone, according to a recent community health survey.",Public Health
Whistleblower reports allege misuse of public funds within a development project in the western district.,Corruption & Compliance
Auditors recommended stronger internal controls after reviewing procurement files from the western district.,Corruption & Compliance
Teacher shortages in the industrial zone have led to increased class sizes and reduced instructional quality.,Education
Public-private partnerships in the coastal region are being explored to stimulate industrial growth.,Economy
A prolonged drought in the northern province has strained agricultural output and local water reserves.,Environment
Wildlife conservation efforts in the western district have been hampered by habitat loss and illegal poaching.,Environment
The emergency room in the capital district's central hospital is operating beyond capacity during peak hours.,Public Health
"Dropout rates among secondary students in the coastal region have increased, correlating with rising transportation costs.",Education
The one-stop government service center in the northern province exceeded its target for same-day processing.,Public Services
The bridge connecting the southern region to the main highway shows severe structural cracks and requires urgent inspection.,Infrastructure
"The drainage system in the northern province failed during the recent storm, resulting in flooding of several main streets.",Infrastructure
Waste management services in the western district are struggling to keep pace with rising urban population density.,Environment
The local chamber of commerce in the eastern governorate is requesting tax incentives to attract foreign investment.,Economy
Public buildings in the border province require renovation after inspectors found violations of modern safety codes.,Infrastructure
School infrastructure in the southern region requires urgent repair after inspectors found unsafe building conditions.,Education
Citizens in the southern region report long wait times when applying for identification documents.,Public Services
A prolonged drought in the coastal region has strained agricultural output and local water reserves.,Environment
A new health awareness program was introduced in the border province to reduce chronic disease rates among adults.,Public Health
Anti-corruption authorities are examining a land allocation scheme reported in the capital district.,Corruption & Compliance
"Maternal healthcare services in the eastern governorate are understaffed, leading to longer waiting times for patients.",Public Health
Residents of the border province have raised concerns about inconsistent garbage collection schedules.,Public Services
Wildlife conservation efforts in the eastern governorate have been hampered by habitat loss and illegal poaching.,Environment
Postal delivery delays have been reported across the southern region for several consecutive weeks.,Public Services
School infrastructure in the western district requires urgent repair after inspectors found unsafe building conditions.,Education
The main hospital in the northern province is reporting a shortage of essential medicines and vaccine supplies.,Public Health
Cybersecurity incidents targeting municipal systems in the border province have prompted a full infrastructure audit.,Security
Unemployment figures in the coastal region have increased following the closure of a major manufacturing plant.,Economy
An aging power grid in the coastal region is causing recurring outages that affect hospitals and schools.,Infrastructure
"A rise in respiratory illness cases has been recorded in the capital district, prompting concern from local clinics.",Public Health
"The drainage system in the southern region failed during the recent storm, resulting in flooding of several main streets.",Infrastructure
Labor market analysis shows a skills mismatch between graduates and available jobs in the industrial zone.,Economy
A new investment fund was launched to support entrepreneurship and startups in the capital district.,Economy
An internal audit uncovered irregularities in procurement contracts issued by the the northern province municipal office.,Corruption & Compliance
A joint task force was formed to address organized crime activity reported in the coastal region.,Security
Export activity from the northern province's agricultural sector declined due to new trade regulations.,Economy
Municipal offices in the coastal region are piloting an appointment system to reduce service backlogs.,Public Services
"Sewage infrastructure in the central metropolitan area is overwhelmed, leading to overflow incidents near residential areas.",Infrastructure
Nutrition assistance programs in the western district report increased demand from low-income families this quarter.,Public Health
Unemployment figures in the central metropolitan area have increased following the closure of a major manufacturing plant.,Economy
Industrial emissions from factories in the southern region are under review following resident complaints.,Environment
"Dropout rates among secondary students in the industrial zone have increased, correlating with rising transportation costs.",Education
"Real estate prices in the western district have surged, raising affordability concerns among residents.",Economy
An outbreak of waterborne disease was confirmed in the southern region following contamination of the local water source.,Public Health
Recycling program participation in the rural district has improved after a public awareness campaign.,Environment
Teacher shortages in the rural district have led to increased class sizes and reduced instructional quality.,Education
Whistleblower reports allege misuse of public funds within a development project in the northern province.,Corruption & Compliance
A scholarship program targeting underserved communities in the southern region exceeded its enrollment targets this year.,Education
"Dropout rates among secondary students in the eastern governorate have increased, correlating with rising transportation costs.",Education
A coastal cleanup initiative in the central metropolitan area removed several tons of plastic waste from public beaches.,Environment
Industrial emissions from factories in the northern province are under review following resident complaints.,Environment
Border patrol units in the industrial zone intercepted an attempt at illegal smuggling of goods.,Security
Auditors recommended stronger internal controls after reviewing procurement files from the central metropolitan area.,Corruption & Compliance
An aging power grid in the rural district is causing recurring outages that affect hospitals and schools.,Infrastructure
Auditors recommended stronger internal controls after reviewing procurement files from the border province.,Corruption & Compliance
An aging power grid in the capital district is causing recurring outages that affect hospitals and schools.,Infrastructure
Public buildings in the coastal region require renovation after inspectors found violations of modern safety codes.,Infrastructure
"A major road collapse was reported in the border province, blocking traffic for over three hours and damaging nearby utility lines.",Infrastructure
Residents of the industrial zone have raised concerns about inconsistent garbage collection schedules.,Public Services
A new digital literacy initiative was launched in schools across the southern region to close the technology gap.,Education
Wildlife conservation efforts in the border province have been hampered by habitat loss and illegal poaching.,Environment
"Water supply pipelines in the northern province have deteriorated, causing frequent leaks and pressure loss across residential blocks.",Infrastructure
Cybersecurity incidents targeting municipal systems in the central metropolitan area have prompted a full infrastructure audit.,Security
A tip line received multiple reports of favoritism in hiring practices within the western district's local government.,Corruption & Compliance
A new digital literacy initiative was launched in schools across the capital district to close the technology gap.,Education
School infrastructure in the eastern governorate requires urgent repair after inspectors found unsafe building conditions.,Education
Health inspectors identified unsanitary conditions in several food markets across the eastern governorate.,Public Health
A microfinance initiative in the coastal region has helped hundreds of small merchants access working capital.,Economy
A coastal cleanup initiative in the rural district removed several tons of plastic waste from public beaches.,Environment
Export activity from the industrial zone's agricultural sector declined due to new trade regulations.,Economy
Compliance officers flagged discrepancies between reported and actual expenditures in the rural district's annual budget.,Corruption & Compliance
Financial oversight committees identified unauthorized payments linked to a vendor in the coastal region.,Corruption & Compliance
Local police in the rural district report increased response times due to a shortage of patrol vehicles.,Security
"Several public schools in the southern region lack sufficient classrooms, forcing double shifts for students.",Education
Compliance officers flagged discrepancies between reported and actual expenditures in the border province's annual budget.,Corruption & Compliance
Auditors recommended stronger internal controls after reviewing procurement files from the northern province.,Corruption & Compliance
"Inflation has affected purchasing power for households in the eastern governorate, according to a recent economic survey.",Economy
Renewable energy adoption in the capital district is increasing following new solar subsidy programs.,Environment
A tip line received multiple reports of favoritism in hiring practices within the northern province's local government.,Corruption & Compliance
"Mental health support services remain limited in the rural district, according to a recent community health survey.",Public Health
Wildlife conservation efforts in the coastal region have been hampered by habitat loss and illegal poaching.,Environment
"Real estate prices in the central metropolitan area have surged, raising affordability concerns among residents.",Economy
An outbreak of waterborne disease was confirmed in the northern province following contamination of the local water source.,Public Health
Health inspectors identified unsanitary conditions in several food markets across the industrial zone.,Public Health
Renewable energy adoption in the southern region is increasing following new solar subsidy programs.,Environment
Public buildings in the capital district require renovation after inspectors found violations of modern safety codes.,Infrastructure
Public-private partnerships in the border province are being explored to stimulate industrial growth.,Economy
The airport terminal expansion project in the border province is behind schedule due to material supply delays.,Infrastructure
"Public transportation reliability in the coastal region has declined, frustrating daily commuters.",Public Services
Auditors recommended stronger internal controls after reviewing procurement files from the capital district.,Corruption & Compliance
"Dropout rates among secondary students in the central metropolitan area have increased, correlating with rising transportation costs.",Education
"The drainage system in the rural district failed during the recent storm, resulting in flooding of several main streets.",Infrastructure
"Dropout rates among secondary students in the southern region have increased, correlating with rising transportation costs.",Education
Local police in the western district report increased response times due to a shortage of patrol vehicles.,Security
Emergency response coordination in the northern province improved after the deployment of a new communications network.,Security
Transparency reviews found inconsistent record-keeping practices among several departments in the southern region.,Corruption & Compliance
The bridge connecting the rural district to the main highway shows severe structural cracks and requires urgent inspection.,Infrastructure
Air quality monitors in the capital district recorded pollution levels exceeding national safety standards.,Environment
Border patrol units in the northern province intercepted an attempt at illegal smuggling of goods.,Security
Whistleblower reports allege misuse of public funds within a development project in the eastern governorate.,Corruption & Compliance
"A major road collapse was reported in the capital district, blocking traffic for over three hours and damaging nearby utility lines.",Infrastructure
Renewable energy adoption in the eastern governorate is increasing following new solar subsidy programs.,Environment
Waste management services in the coastal region are struggling to keep pace with rising urban population density.,Environment
"Mental health support services remain limited in the southern region, according to a recent community health survey.",Public Health
"Reports of domestic disturbances in the coastal region have increased, prompting a review of support services.",Security
"The customer service center in the eastern governorate is understaffed, leading to delays in permit processing.",Public Services
A satisfaction survey revealed declining trust in local administrative services within the western district.,Public Services
"The customer service center in the northern province is understaffed, leading to delays in permit processing.",Public Services
An investigation was opened after bribery allegations surfaced involving a licensing office in the central metropolitan area.,Corruption & Compliance
A rise in petty theft incidents has been recorded across the southern region over the past month.,Security
"A rise in respiratory illness cases has been recorded in the industrial zone, prompting concern from local clinics.",Public Health
Illegal deforestation activity was reported in the forested areas surrounding the rural district.,Environment
A new health awareness program was introduced in the coastal region to reduce chronic disease rates among adults.,Public Health
Illegal deforestation activity was reported in the forested areas surrounding the coastal region.,Environment
Financial oversight committees identified unauthorized payments linked to a vendor in the central metropolitan area.,Corruption & Compliance
"A major road collapse was reported in the eastern governorate, blocking traffic for over three hours and damaging nearby utility lines.",Infrastructure
A new digital portal was launched to simplify public service requests for residents of the eastern governorate.,Public Services
"Mental health support services remain limited in the northern province, according to a recent community health survey.",Public Health
Export activity from the southern region's agricultural sector declined due to new trade regulations.,Economy
"Public transportation reliability in the capital district has declined, frustrating daily commuters.",Public Services
Utility billing errors have affected numerous households across the industrial zone this billing cycle.,Public Services
Residents of the capital district have raised concerns about inconsistent garbage collection schedules.,Public Services
"The customer service center in the southern region is understaffed, leading to delays in permit processing.",Public Services
"Public transportation reliability in the southern region has declined, frustrating daily commuters.",Public Services
The main hospital in the border province is reporting a shortage of essential medicines and vaccine supplies.,Public Health
The bridge connecting the northern province to the main highway shows severe structural cracks and requires urgent inspection.,Infrastructure
Wildlife conservation efforts in the central metropolitan area have been hampered by habitat loss and illegal poaching.,Environment
School infrastructure in the border province requires urgent repair after inspectors found unsafe building conditions.,Education
Renewable energy adoption in the northern province is increasing following new solar subsidy programs.,Environment
Labor market analysis shows a skills mismatch between graduates and available jobs in the rural district.,Economy
A conflict-of-interest complaint was filed against an official overseeing contracts in the rural district.,Corruption & Compliance
Security checkpoints in the capital district were reinforced following a credible threat assessment.,Security
Security checkpoints in the western district were reinforced following a credible threat assessment.,Security
An aging power grid in the southern region is causing recurring outages that affect hospitals and schools.,Infrastructure
Whistleblower reports allege misuse of public funds within a development project in the capital district.,Corruption & Compliance
Residents of the northern province have raised concerns about inconsistent garbage collection schedules.,Public Services
Residents of the eastern governorate have raised concerns about inconsistent garbage collection schedules.,Public Services
Transparency reviews found inconsistent record-keeping practices among several departments in the coastal region.,Corruption & Compliance
Public health officials launched a vaccination campaign in the central metropolitan area after low immunization coverage was detected.,Public Health
The main hospital in the coastal region is reporting a shortage of essential medicines and vaccine supplies.,Public Health
"Streetlights across the industrial zone have been non-functional for weeks, raising concerns about road safety at night.",Infrastructure
"Sewage infrastructure in the eastern governorate is overwhelmed, leading to overflow incidents near residential areas.",Infrastructure
Air quality monitors in the southern region recorded pollution levels exceeding national safety standards.,Environment
A coastal cleanup initiative in the northern province removed several tons of plastic waste from public beaches.,Environment
"Maternal healthcare services in the northern province are understaffed, leading to longer waiting times for patients.",Public Health
Citizens in the capital district report long wait times when applying for identification documents.,Public Services
Postal delivery delays have been reported across the border province for several consecutive weeks.,Public Services
Small businesses in the industrial zone report declining revenue due to rising operational costs.,Economy
Recycling program participation in the border province has improved after a public awareness campaign.,Environment
"Inflation has affected purchasing power for households in the industrial zone, according to a recent economic survey.",Economy
Recycling program participation in the industrial zone has improved after a public awareness campaign.,Environment
Vocational training centers in the rural district report strong enrollment growth among young adults seeking new skills.,Education
Waste management services in the northern province are struggling to keep pace with rising urban population density.,Environment
A satisfaction survey revealed declining trust in local administrative services within the southern region.,Public Services
School infrastructure in the coastal region requires urgent repair after inspectors found unsafe building conditions.,Education
Utility billing errors have affected numerous households across the coastal region this billing cycle.,Public Services
Access to higher education remains limited for students in the northern province due to a lack of nearby universities.,Education
"Maternal healthcare services in the central metropolitan area are understaffed, leading to longer waiting times for patients.",Public Health
A microfinance initiative in the rural district has helped hundreds of small merchants access working capital.,Economy
A conflict-of-interest complaint was filed against an official overseeing contracts in the industrial zone.,Corruption & Compliance
Small businesses in the southern region report declining revenue due to rising operational costs.,Economy
Illegal deforestation activity was reported in the forested areas surrounding the northern province.,Environment
Financial oversight committees identified unauthorized payments linked to a vendor in the northern province.,Corruption & Compliance
Teacher shortages in the border province have led to increased class sizes and reduced instructional quality.,Education
Community leaders in the coastal region have requested additional security cameras following recent break-ins.,Security
Industrial emissions from factories in the capital district are under review following resident complaints.,Environment
Teacher shortages in the central metropolitan area have led to increased class sizes and reduced instructional quality.,Education
An aging power grid in the border province is causing recurring outages that affect hospitals and schools.,Infrastructure
Access to higher education remains limited for students in the western district due to a lack of nearby universities.,Education
Unemployment figures in the capital district have increased following the closure of a major manufacturing plant.,Economy
Community leaders in the eastern governorate have requested additional security cameras following recent break-ins.,Security
The one-stop government service center in the eastern governorate exceeded its target for same-day processing.,Public Services
A new digital literacy initiative was launched in schools across the western district to close the technology gap.,Education
"The drainage system in the border province failed during the recent storm, resulting in flooding of several main streets.",Infrastructure
Border patrol units in the coastal region intercepted an attempt at illegal smuggling of goods.,Security
The Ministry of Education is reviewing curriculum standards after low test scores were reported in the western district.,Education
A prolonged drought in the capital district has strained agricultural output and local water reserves.,Environment
A conflict-of-interest complaint was filed against an official overseeing contracts in the southern region.,Corruption & Compliance
Access to higher education remains limited for students in the central metropolitan area due to a lack of nearby universities.,Education
"Reports of domestic disturbances in the industrial zone have increased, prompting a review of support services.",Security
Labor market analysis shows a skills mismatch between graduates and available jobs in the eastern governorate.,Economy
"Mental health support services remain limited in the border province, according to a recent community health survey.",Public Health
Utility billing errors have affected numerous households across the western district this billing cycle.,Public Services
Renewable energy adoption in the central metropolitan area is increasing following new solar subsidy programs.,Environment
The emergency room in the southern region's central hospital is operating beyond capacity during peak hours.,Public Health
A new digital portal was launched to simplify public service requests for residents of the coastal region.,Public Services
Compliance officers flagged discrepancies between reported and actual expenditures in the eastern governorate's annual budget.,Corruption & Compliance
Public buildings in the eastern governorate require renovation after inspectors found violations of modern safety codes.,Infrastructure
Anti-corruption authorities are examining a land allocation scheme reported in the eastern governorate.,Corruption & Compliance
Auditors recommended stronger internal controls after reviewing procurement files from the rural district.,Corruption & Compliance
Access to higher education remains limited for students in the eastern governorate due to a lack of nearby universities.,Education
A tip line received multiple reports of favoritism in hiring practices within the central metropolitan area's local government.,Corruption & Compliance
Teacher shortages in the western district have led to increased class sizes and reduced instructional quality.,Education
A joint task force was formed to address organized crime activity reported in the eastern governorate.,Security
Emergency response coordination in the rural district improved after the deployment of a new communications network.,Security
"Mental health support services remain limited in the central metropolitan area, according to a recent community health survey.",Public Health
Emergency response coordination in the eastern governorate improved after the deployment of a new communications network.,Security
A conflict-of-interest complaint was filed against an official overseeing contracts in the capital district.,Corruption & Compliance
A microfinance initiative in the western district has helped hundreds of small merchants access working capital.,Economy
Utility billing errors have affected numerous households across the central metropolitan area this billing cycle.,Public Services
Municipal offices in the eastern governorate are piloting an appointment system to reduce service backlogs.,Public Services
"A rise in respiratory illness cases has been recorded in the eastern governorate, prompting concern from local clinics.",Public Health
A satisfaction survey revealed declining trust in local administrative services within the rural district.,Public Services
The airport terminal expansion project in the northern province is behind schedule due to material supply delays.,Infrastructure
Reading proficiency among primary students in the central metropolitan area has declined according to the latest assessment.,Education
A new digital literacy initiative was launched in schools across the eastern governorate to close the technology gap.,Education
Financial oversight committees identified unauthorized payments linked to a vendor in the border province.,Corruption & Compliance
"Streetlights across the central metropolitan area have been non-functional for weeks, raising concerns about road safety at night.",Infrastructure
Public buildings in the northern province require renovation after inspectors found violations of modern safety codes.,Infrastructure
A new digital portal was launched to simplify public service requests for residents of the northern province.,Public Services
Nutrition assistance programs in the central metropolitan area report increased demand from low-income families this quarter.,Public Health
Recycling program participation in the northern province has improved after a public awareness campaign.,Environment
Emergency response coordination in the capital district improved after the deployment of a new communications network.,Security
An investigation was opened after bribery allegations surfaced involving a licensing office in the eastern governorate.,Corruption & Compliance
Transparency reviews found inconsistent record-keeping practices among several departments in the eastern governorate.,Corruption & Compliance
A rise in petty theft incidents has been recorded across the capital district over the past month.,Security
Wildlife conservation efforts in the southern region have been hampered by habitat loss and illegal poaching.,Environment
The airport terminal expansion project in the capital district is behind schedule due to material supply delays.,Infrastructure
"Reports of domestic disturbances in the border province have increased, prompting a review of support services.",Security
Health inspectors identified unsanitary conditions in several food markets across the border province.,Public Health
Renewable energy adoption in the rural district is increasing following new solar subsidy programs.,Environment
Labor market analysis shows a skills mismatch between graduates and available jobs in the capital district.,Economy
"Streetlights across the western district have been non-functional for weeks, raising concerns about road safety at night.",Infrastructure
Access to higher education remains limited for students in the capital district due to a lack of nearby universities.,Education
Whistleblower reports allege misuse of public funds within a development project in the industrial zone.,Corruption & Compliance
Public demonstrations in the coastal region required additional crowd-control measures from local authorities.,Security
A joint task force was formed to address organized crime activity reported in the border province.,Security
"Sewage infrastructure in the rural district is overwhelmed, leading to overflow incidents near residential areas.",Infrastructure
"Reports of domestic disturbances in the rural district have increased, prompting a review of support services.",Security
"Sewage infrastructure in the western district is overwhelmed, leading to overflow incidents near residential areas.",Infrastructure
Utility billing errors have affected numerous households across the capital district this billing cycle.,Public Services
Cybersecurity incidents targeting municipal systems in the western district have prompted a full infrastructure audit.,Security
The Ministry of Education is reviewing curriculum standards after low test scores were reported in the capital district.,Education
Public health officials launched a vaccination campaign in the rural district after low immunization coverage was detected.,Public Health
Residents of the southern region have raised concerns about inconsistent garbage collection schedules.,Public Services
Cybersecurity incidents targeting municipal systems in the industrial zone have prompted a full infrastructure audit.,Security
The one-stop government service center in the western district exceeded its target for same-day processing.,Public Services
"The customer service center in the western district is understaffed, leading to delays in permit processing.",Public Services
"Mental health support services remain limited in the eastern governorate, according to a recent community health survey.",Public Health
"A major road collapse was reported in the central metropolitan area, blocking traffic for over three hours and damaging nearby utility lines.",Infrastructure
A scholarship program targeting underserved communities in the western district exceeded its enrollment targets this year.,Education
An internal audit uncovered irregularities in procurement contracts issued by the the eastern governorate municipal office.,Corruption & Compliance
The local chamber of commerce in the rural district is requesting tax incentives to attract foreign investment.,Economy
The Ministry of Education is reviewing curriculum standards after low test scores were reported in the southern region.,Education
A new investment fund was launched to support entrepreneurship and startups in the rural district.,Economy
The one-stop government service center in the border province exceeded its target for same-day processing.,Public Services
"The customer service center in the industrial zone is understaffed, leading to delays in permit processing.",Public Services
Anti-corruption authorities are examining a land allocation scheme reported in the southern region.,Corruption & Compliance
Postal delivery delays have been reported across the eastern governorate for several consecutive weeks.,Public Services
"Several public schools in the eastern governorate lack sufficient classrooms, forcing double shifts for students.",Education
A prolonged drought in the western district has strained agricultural output and local water reserves.,Environment
"Water supply pipelines in the border province have deteriorated, causing frequent leaks and pressure loss across residential blocks.",Infrastructure
Whistleblower reports allege misuse of public funds within a development project in the central metropolitan area.,Corruption & Compliance
Illegal deforestation activity was reported in the forested areas surrounding the border province.,Environment
A new digital literacy initiative was launched in schools across the industrial zone to close the technology gap.,Education
The Ministry of Education is reviewing curriculum standards after low test scores were reported in the eastern governorate.,Education
"Sewage infrastructure in the southern region is overwhelmed, leading to overflow incidents near residential areas.",Infrastructure
Construction of the new public transit line in the capital district is delayed due to funding shortages and contractor disputes.,Infrastructure
Construction of the new public transit line in the coastal region is delayed due to funding shortages and contractor disputes.,Infrastructure
"Inflation has affected purchasing power for households in the coastal region, according to a recent economic survey.",Economy
An internal audit uncovered irregularities in procurement contracts issued by the the western district municipal office.,Corruption & Compliance
The airport terminal expansion project in the rural district is behind schedule due to material supply delays.,Infrastructure
Waste management services in the industrial zone are struggling to keep pace with rising urban population density.,Environment
Municipal offices in the industrial zone are piloting an appointment system to reduce service backlogs.,Public Services
Auditors recommended stronger internal controls after reviewing procurement files from the coastal region.,Corruption & Compliance
"A rise in respiratory illness cases has been recorded in the western district, prompting concern from local clinics.",Public Health
Municipal offices in the western district are piloting an appointment system to reduce service backlogs.,Public Services
"Maternal healthcare services in the coastal region are understaffed, leading to longer waiting times for patients.",Public Health
The Ministry of Education is reviewing curriculum standards after low test scores were reported in the industrial zone.,Education
School infrastructure in the capital district requires urgent repair after inspectors found unsafe building conditions.,Education
A scholarship program targeting underserved communities in the northern province exceeded its enrollment targets this year.,Education
Municipal offices in the rural district are piloting an appointment system to reduce service backlogs.,Public Services
"Water supply pipelines in the southern region have deteriorated, causing frequent leaks and pressure loss across residential blocks.",Infrastructure
The main hospital in the western district is reporting a shortage of essential medicines and vaccine supplies.,Public Health
A conflict-of-interest complaint was filed against an official overseeing contracts in the western district.,Corruption & Compliance
